it09,it10,it11,sw09,sw10,sw11
19.7615894,24.17613636,15.67777778,5.66442953,21.48044693,4.477777778
6.288461538,1.774011299,3.238888889,9.543046358,22.12222222,7.766666667
12.034024,12.460451,10.60096187,11.80384554,23.04867303,14.87115741
20.12533947,14.116901,12.9035035,7.442627575,22.58344144,8.193702601
15.12775059,13.292528,15.06459166,6.896960347,22.14040985,8.489101658
19.20913213,13.954902,12.98684874,8.395358366,25.56119408,8.080183623
12.94336695,11.967208,11.48311441,12.01395821,24.297996,18.15869374
14.224423,5.453258,5.123998646,8.519413573,22.87385582,19.50998347
20.59205843,14.86913,11.17966013,6.518606792,21.51158383,8.037535999
15.61411457,12.088941,10.29230658,11.88315,22.87903021,10.99943281
10.90728993,5.679461,6.619251276,12.35454388,24.0214852,14.16287016
11.8155631,8.590272,8.35105727,11.07983932,24.11922161,8.400342089
13.06567928,7.629986,10.05502704,11.15400462,22.76795251,11.87470917
13.9874129,9.36124,7.458632715,12.05498018,22.74543909,15.49178533
16.91049629,17.326784,13.28940973,7.094141439,22.83637764,7.658847042
15.3467342,10.772038,10.49768592,11.74650492,25.07870401,12.23504074
13.34121217,3.879339,7.89231467,11.03644153,24.72060808,12.74612837
12.15235127,9.464825,10.80918354,11.74143151,23.77360902,10.03588687
16.2286019,8.802213,8.119916429,11.28465729,26.10462994,9.297817684
14.7741865,6.475411,15.52499801,6.884986852,21.13176122,8.805589423
12.2855021,11.756988,7.889086711,13.50016451,24.97463443,10.46526454
14.72023481,8.986832,8.687648138,7.745660075,24.27830942,17.95396397
11.95280644,9.868146,12.21602676,12.9874382,24.84487382,18.41695035
12.48309569,6.199949,7.844019035,11.94362375,22.93508654,18.97735014
13.97550363,9.253674,6.777715074,11.74007689,25.05047719,13.57689534
11.00240856,7.294241,7.550114105,12.58521849,24.07331821,17.20198053
14.26457209,10.53199,8.459272746,10.52536504,34.1326876,9.19486887
9.564593345,6.300938,6.860290159,11.61089549,21.63040118,9.121425146
9.349678365,7.842069,8.526533967,10.06098399,21.22103436,12.95988006
14.60711803,14.562521,8.278606624,11.93268082,24.91617903,8.085536292
14.48025287,12.605942,9.9530817,11.83223525,24.14154082,9.976795667
17.72754266,13.93037,14.67281791,8.021304117,21.28637354,8.379907059
13.6780592,5.008279,8.984446093,11.33223044,30.23338703,10.08913138
13.47859066,7.901812,9.960559651,9.370963689,24.41077115,9.058499325
12.05239901,8.080532,10.86324448,11.3455635,24.99935959,13.95542907
11.16645573,6.19375,8.527581436,10.83168398,21.09741406,13.04406659
8.116335144,3.93144,5.36773187,8.776880109,21.43825849,12.5009529
13.69385149,12.629988,8.434233105,14.40643454,25.85122355,18.00577702
12.78244719,7.823036,11.60699169,12.37883676,28.69669772,13.2809201
14.2227191,4.98216,6.139391616,13.39737909,24.04364708,8.484426751
16.5287371,7.863463,10.74023628,11.64436858,27.75261726,7.225535127
15.93086677,8.010715,10.02542604,13.07993001,25.41837132,9.906419548
9.533671802,9.082887,9.822896722,10.89138734,22.62070857,23.70559304
11.59802877,8.148435,8.747168195,14.85825082,22.28625974,12.51659294
13.71442004,6.833094,9.552838598,11.09146252,23.07281237,9.375731892
10.53664761,11.234975,10.74109486,9.059791924,22.74087021,14.15550326
11.47548448,8.130313,6.943841039,11.01279582,25.66740999,8.368468191
15.31604911,10.216839,11.85229405,11.87639822,22.3848433,13.2294258
14.0195988,11.903721,10.27863158,11.39887263,27.65556181,9.153586421
10.31860877,5.573177,7.299636049,12.12195611,24.7312263,14.24825817
10.96183814,8.847807,8.901122399,10.93301582,22.62012183,13.7940767
14.05519767,8.800382,13.38580264,10.12064154,22.41192897,13.04568702
17.67451148,14.910824,14.97762181,10.5779203,29.2162193,9.194936122
13.1273667,10.741498,8.802351861,10.29373364,23.89782916,12.41590084
9.669755294,8.951448,7.687356931,11.00714618,23.43153462,9.867838947
9.265662991,6.173936,7.897629061,11.38365123,24.57874021,8.052331189
12.51049922,7.997105,8.700864632,11.96093578,26.48445983,16.23659814
12.04284001,6.555951,9.60199111,11.70637714,21.03521001,7.91280152
14.06349478,9.37529,8.773476986,12.97940287,22.6850194,9.914423594
8.925213207,5.26256,6.474639708,8.79851152,22.84554756,11.25187309
10.58239987,4.974967,6.569679025,10.14016132,22.51336604,11.61913589
12.93080346,10.230541,6.568792616,10.60923391,24.27701023,16.87813293
9.070701612,8.074623,6.400401297,12.20762608,23.47759748,12.64026413
14.51050655,10.372577,9.319041199,11.1761182,20.98565011,12.26534549
15.32773764,9.187531,12.51009424,11.06275302,24.36722302,12.44676033
12.21358774,11.239281,12.37254441,11.00636855,22.78491771,17.29599182
13.2240763,8.189661,11.60149459,9.887438113,21.70611032,9.668328181
12.03183934,12.246038,8.542794853,11.52764571,24.41759569,15.49432093
12.23204804,7.266531,9.287555779,10.7682297,22.8033726,12.93750909
13.89256223,8.442302,11.34311672,9.565096,22.70575721,11.18067823
13.01492225,11.519265,10.66226733,13.0282447,23.39103704,13.04525609
10.00833969,3.860068,7.909658757,9.119886047,24.98873556,15.41698173
12.05969826,4.483208,7.595638871,11.57615638,22.81121359,7.552739241
17.35358838,7.767634,12.23194741,10.76041769,22.18939977,15.28575031
12.60198309,7.302597,5.724964395,9.395415588,21.76358975,13.31492578
11.67740338,5.110632,8.964046534,11.08734554,23.01504011,9.439604094
13.70904858,5.416126,8.396903631,10.40236964,22.14697059,7.999998759
14.21546005,6.209069,8.713947547,10.62018577,22.32429574,10.06477549
14.33308964,6.371401,8.388952315,12.11287318,26.51935376,12.58378025
11.35836807,7.58389,8.003077315,8.651950818,21.29705111,10.48613975
12.61862571,6.883139,6.295229907,13.02097553,24.64830544,14.79722814
10.24073688,7.304524,7.268877938,10.38069583,22.47554223,15.46230264
15.44030053,11.645381,13.92080661,9.206866988,24.84183067,10.62244034
12.36537408,10.542808,6.712868461,11.3255848,22.32735224,11.37963259
14.1575313,12.590908,10.52716916,11.44079021,23.28511208,11.92543947
15.14920976,5.078055,7.651197752,11.89954947,22.72973256,10.20813095
15.31699945,9.631995,10.20303433,12.23348295,23.11225068,10.9700668
9.98739342,5.762031,6.899499468,11.13398156,22.76858783,18.6466441
8.813756358,4.439017,5.23661948,9.907016324,23.58352935,14.24088811
15.80898637,10.146369,15.17926613,11.26060332,27.30225207,11.91528331
10.95471281,5.127023,5.799553665,12.2994449,23.67648514,18.76227362
15.02900997,10.820054,14.42237399,9.589360569,24.05307229,10.38678664
12.64944841,8.47753,10.58364848,9.792394959,23.6310804,14.02914606
13.67803102,12.011412,12.03904957,9.562134659,22.8464933,11.09227105
10.42153335,5.257716,7.999979312,10.50374908,25.09599326,16.45870287
15.25346097,12.050806,8.837565911,10.48351134,25.21382609,15.76711172
14.6457929,10.386216,11.37013945,12.4285698,24.35179466,14.21574813
12.60889464,8.572526,5.36954493,12.4211925,22.93271727,14.44590617
11.30659305,10.716915,8.885749302,10.269269,23.27621815,11.92544219
12.71066943,7.39077,9.523493983,12.50565126,24.91422047,12.70576552
12.6171287,13.68827,9.318785595,11.6856179,25.94430028,11.08887386
11.18378593,5.886717,9.820690112,11.04950425,20.93678867,25.19008983
8.611527545,4.062622,7.18996272,11.80384554,23.3144248,9.140118312
11.44370292,7.199217,6.094079992,9.562138437,22.96160457,12.90019626
15.98775471,11.50657,7.970564812,12.98144835,22.57084757,21.54074338
11.72883597,10.795667,9.218793213,14.42524472,23.88647608,13.7632244
11.02378163,6.364587,7.731218563,10.42179409,22.27625014,16.46455628
15.03881944,6.84666,11.72116705,11.33641929,22.57169677,13.07465478
16.05732486,6.644638,11.00814168,8.407290934,21.94689224,7.540862036
9.667744515,4.660509,6.053516076,10.848135,23.06861986,13.25315325
11.06707858,7.33298,9.283495171,11.52712729,23.21641108,8.25452889
11.33465289,5.743732,6.409384732,12.8940249,22.37710366,7.857857848
11.65743576,11.072173,13.61389816,13.96933876,25.35114049,18.0949282
7.566318403,5.633564,7.105099546,9.18352377,23.89115318,14.54861844
12.26034917,9.248509,7.345882179,10.65662463,34.1326876,16.57101944
10.78220897,5.516419,6.262252691,11.90605159,23.23154301,9.59651779
7.889287997,4.01952,5.406206852,11.34069942,23.45288816,15.64903703
13.45295033,11.983166,10.12619183,11.96198037,23.8281715,16.22196383
13.312281,10.667301,8.284426049,11.30407478,24.18959513,16.63970646
14.88431359,11.429964,8.082294602,10.91174468,23.88293572,10.002585
16.06605815,10.544115,9.694513273,11.40036375,23.51649743,14.08739666
12.03960752,9.474937,6.067365675,11.84169499,24.28894018,16.32926125
15.47725406,12.299195,13.5048707,9.844045428,25.89507018,19.24640096
12.14209442,15.991354,13.4409819,10.98914661,24.20667896,18.49793437
19.30815768,8.907476,11.54491778,11.7358901,24.1248466,8.575049785
9.400153331,6.375014,5.669730746,11.26566215,23.71017205,11.34067797
13.73707042,11.045021,8.318196378,11.02130683,27.1628298,17.74608351
9.784137864,5.831901,6.452992191,11.59259758,22.36714124,11.00044482
10.31155331,5.879648,7.518770327,10.42501043,24.3758678,12.35890846
13.02325841,8.33682,10.62017842,10.34038527,21.54377021,10.5754131
8.611527545,5.88347,6.922043177,9.346604532,25.66508897,17.76728415
9.895844788,4.850626,7.759924253,10.68001111,22.75453767,14.38026752
12.97648096,6.810768,5.969786921,11.4059948,27.85091654,7.462982289
10.36375859,8.794386,6.852493114,12.87850506,27.69666547,19.05648056
13.68515463,13.886582,7.610633758,11.74096408,22.9826581,14.70180016
10.71720873,7.896038,8.106348539,12.20847586,26.36592038,16.91939433
14.19944011,8.960461,6.552183441,10.99148609,24.53637781,9.124066565
13.08627829,7.363272,8.25993991,11.43992021,24.11746946,8.388752341
11.66492197,7.120534,9.903360555,10.05547759,25.36518527,8.729690772
12.15193057,7.767229,5.894249455,10.27399817,21.85056916,12.35590881
8.253085113,3.276025,4.628643383,9.997802215,22.54997141,9.270332598
13.86557318,9.08061,9.425293092,11.51700163,22.19528031,9.299987324
12.31640252,8.024659,9.151863029,10.02365129,21.05518625,13.54397445
9.079352297,4.119042,7.73155674,11.98676131,23.10558393,11.46304089
12.4577012,8.739617,6.424054309,12.28807517,23.08643612,13.64008139
9.222674665,6.91818,6.777177853,11.81762008,23.62965178,12.17832233
10.00234577,8.673127,8.155319059,9.940327163,25.56268271,25.69578471
8.98487583,6.139381,7.242513617,9.330961046,22.14799424,14.04315279
12.91842663,6.109505,8.701584258,9.94988678,23.72981821,18.76162697
12.19327744,4.855294,7.351558931,11.41670449,22.37789799,11.22479324
9.160981896,7.740812,8.321260381,11.09626762,24.60706319,10.29431536
15.87397746,6.230204,11.51505708,9.627600427,23.80503982,12.54485571
11.28454437,11.463566,8.472440864,10.40996894,22.33726126,7.579039978
11.00077386,10.080434,8.047256848,9.737629297,22.04385987,12.42390888
14.66491226,9.843292,9.455000415,10.12831727,23.01976422,14.02572151
11.05674997,5.913882,8.377171327,11.19610271,22.89526288,10.81375617
11.86723652,8.134911,10.85084558,13.88632317,23.30865253,14.28881459
8.971962264,3.822402,5.270638068,11.03856462,22.39313966,15.69332311
8.790815412,4.53694,5.690526384,9.8304275,21.10678028,18.32583532
7.792432871,4.395364,5.129047652,12.32357232,22.55141009,14.77286556
11.70463597,8.437446,9.869198553,11.45206855,23.82803652,18.3897118
10.00036945,6.147671,5.253962066,10.40332734,26.36571627,32.18894629
9.749778683,5.423283,5.259603152,9.32524618,23.29734895,17.31825238
8.717470282,6.780563,6.901803924,10.97207667,22.14704614,10.24514387
11.8155631,8.959423,10.84953499,10.05547759,24.26913829,17.52453267
12.53866188,8.417718,7.800564156,9.096909147,21.59395598,15.20129707
11.79628382,12.028134,7.719025146,9.490739039,22.14471857,14.51122418
13.26083274,5.624848,10.58432064,10.53051323,24.05603796,6.579401086
8.362942459,4.556574,5.231433796,9.993009596,22.15135208,15.00413837
10.65860501,5.633561,6.367413413,12.82246187,22.77278755,11.08872707
11.54013501,5.32878,6.737110168,9.775931413,22.06956524,18.5208564
11.03652326,5.732668,8.294098732,14.8963132,23.73282855,11.89995015
10.2304633,6.785471,7.084149745,9.008701258,22.76809033,11.53176959
7.463211461,4.521226,4.758398506,11.55729562,22.28406625,12.58803912
14.54831008,11.828994,15.61317673,11.66310139,23.3763537,9.071382007
9.888934092,7.758038,6.9347492,9.048230766,23.12651796,11.8622161
14.8340606,12.18247,12.51365546,8.260649651,22.47223806,8.690390774
9.308243535,4.386166,7.297220065,9.36361205,21.75678818,11.76272253
10.66275045,7.476383,8.959367063,12.32435895,23.83278075,11.82415541
13.3128169,8.137257,11.42269731,14.1163198,24.556053,16.72666168
9.308053655,7.27329,4.318848581,9.377444357,22.75637289,12.8730033
10.66361733,5.156651,5.230308544,9.300477249,24.61139152,15.48498065
11.959595,7.397363,7.923618615,10.17776815,23.8887039,19.88578733
12.88811642,8.068397,8.26327861,9.504073854,22.33398041,17.43457385
14.30594693,6.212124,8.552704483,11.38466502,22.84227127,19.92719183
14.48311779,7.539786,14.22086027,9.287402282,22.99433868,16.58577759
14.47998639,8.092084,10.6946787,12.0118586,26.43152159,14.09794899
9.52313308,4.628853,6.475931119,11.8421377,22.44957366,16.50725336
7.526468256,5.5154,4.780717425,11.79486517,22.97182161,18.82187474
11.34035192,7.609094,8.85909314,10.29421919,23.97847948,12.833741
8.604385694,4.281412,5.194669709,9.438369044,22.99858758,22.55616307
12.81506795,8.672978,9.697103621,9.359312382,23.6874351,14.25358851
11.14731263,5.408873,7.292632724,9.192816411,22.49731488,14.20056699
14.63758045,13.522133,16.88690473,10.9306931,23.56304019,14.38568443
13.08833438,6.908488,9.0431104,11.772855,19.23183441,12.85545367
11.57255629,8.547889,8.156189596,11.48879227,22.05789313,10.66397514
11.28297714,6.667549,6.822354856,12.95787489,21.96768244,19.32256264
13.21075946,5.010669,8.956580532,12.98604351,22.56891874,8.330397784
9.558911113,8.825957,7.077509145,11.22681766,22.3134683,18.41703943
14.17696145,6.745612,8.754679545,10.53051323,22.85144141,9.536975222
10.43655346,6.17525,7.265259898,9.753432456,21.30304107,14.80975421
9.568259408,5.665808,5.541779227,9.096909147,21.13556508,13.44258037
8.571708842,3.447284,4.382297746,9.685538148,24.33949476,13.89410777
17.51870267,12.689931,11.04250625,10.69677569,25.17789955,11.19945677
12.06647963,5.791831,7.50267048,10.09161506,25.57257752,15.85864302
12.72879643,4.874767,8.779627981,12.97311607,24.33209532,14.30964562
10.87233597,7.261754,8.787961268,11.68435504,24.22718905,17.68323713
13.86260128,15.200878,13.74294085,9.200042895,23.6074226,9.180083036
16.30778114,6.641995,8.152839512,10.96635784,23.32068124,10.75599706
13.89872211,8.842976,10.39919456,13.67145484,22.28581734,24.91285991
12.05383452,6.834955,11.27637311,11.36759357,27.98008885,15.88654511
9.527954558,5.600007,9.982902823,9.468965399,22.02983238,11.83505018
10.04051509,7.426395,7.131026426,11.85001914,25.46925368,12.16237745
10.22865242,5.196707,8.229575139,10.16957983,22.30098288,15.25115555
14.17898292,8.210839,11.0933949,12.00061024,23.36576955,12.12852702
10.32928366,4.454727,5.258805257,9.420981785,20.73074652,14.57610075
9.470783278,6.254266,8.245553463,12.19867055,21.73287686,12.12364438
7.702408483,3.857897,4.063432925,10.56574086,24.42279584,12.66036312
8.329122489,3.884788,6.354864254,10.95965054,25.278614,15.42411234
9.660920957,6.850662,10.82814199,11.73480114,21.11736833,18.79107911
10.34994151,4.381976,6.689485169,11.58371178,25.60921177,26.52216149
10.68744737,8.124449,9.212772275,14.85033836,22.4453975,17.96702629
13.81712443,6.807777,8.32943009,10.76455944,19.97839132,14.44729977
13.64226865,6.58949,11.7552634,9.508988045,21.55971459,20.19519806
8.718733392,5.474559,6.579882151,9.54428563,21.87829662,13.75212997
10.86095092,6.157179,7.47752409,11.43875903,22.78544503,12.33997923
9.213995985,7.585451,6.653390271,10.63897732,22.37502341,15.0508996
12.05676754,6.004405,9.232024112,11.60200685,21.80274241,21.53877667
12.45701298,7.757542,9.028739361,11.4146996,22.82966612,19.25496808
7.212474597,4.834707,6.812997562,9.600288824,23.30377047,19.79626454
14.29225782,10.320974,6.052235943,12.32026042,22.33798487,10.04720486
12.0340284,6.131603,7.993885908,8.762383664,22.57177273,18.09233894
11.53921295,8.870838,10.96674398,11.76185052,23.82733978,14.61378546
10.90600281,6.218028,9.058416757,10.25732423,22.96240656,9.518461762
8.075585829,6.019097,5.984767048,10.869152,22.26335862,21.48937191
9.54077053,4.812215,6.928700671,9.699738318,24.44870219,22.86534955
11.94996948,4.74627,7.912095142,10.10772719,21.81404686,12.94559411
9.021058821,4.318516,8.78807252,12.15339143,21.63109136,17.42036381
10.4170008,7.897112,8.703469729,9.635028329,22.3506316,20.10224639
15.17851237,9.108622,10.44147109,10.87888999,22.62533024,9.395632735
10.91709149,5.212887,7.585593315,12.75686592,24.51397847,24.33699631
10.77022014,6.915318,7.137689678,10.57428754,21.83782691,10.30588892
10.04273956,5.976688,9.833270946,12.39030693,24.649371,13.33848685
12.34432249,10.844783,10.36073291,11.1458355,23.48997529,15.85057349
13.81186107,9.048155,7.326894303,11.3477629,22.31320916,10.05445112
12.18498698,7.780203,8.581799256,10.75086675,23.17131396,12.22434359
14.75244171,12.045312,9.53470942,10.1811894,24.39927922,10.33607797
10.19314994,7.643695,10.51102378,9.761552198,21.98295132,11.19552676
11.6239348,8.115543,9.763771687,12.02562403,23.04640001,8.843284019
9.15299977,2.937453,4.789467282,8.553117573,20.55505049,11.13190738
11.67742775,5.22058,6.77411368,10.4000426,22.85973642,12.39610992
12.91011231,7.816458,6.81305393,9.826292596,23.35207363,15.73388045
9.85773341,4.968499,8.285773993,8.503109958,21.89230638,18.70914803
10.86814774,9.112928,7.974507614,9.265883552,20.76310592,9.708502359
8.990223184,4.282405,5.711103311,10.54339183,24.90360938,13.24596923
13.52838236,10.200316,8.913344793,14.27072568,23.26437645,17.22011402
15.21190289,20.325328,13.35790574,11.42147165,25.19781636,13.50623929
9.876203734,9.248509,9.983251877,11.77664649,25.49046673,20.50898532
14.16892041,9.768559,9.144193181,11.00042634,20.52737698,15.01414209
12.29815436,8.718198,6.660931336,10.3357563,20.65354864,12.77472027
13.20507282,7.993617,19.31074766,8.392879482,24.3011824,8.952458722
16.50995648,7.690398,8.361455177,11.67226752,23.37992979,11.55148216
9.555036131,7.1714,8.606124379,10.35338543,23.93303188,15.29772292
18.10806388,9.976282,14.92149775,8.669431918,25.8346036,11.78541711
13.20831021,13.840219,9.500137501,11.18433769,24.23426471,15.49233405
11.96935901,8.995573,10.12530627,8.751967167,21.93911612,24.35066463
14.11429879,14.128226,13.56140309,10.83230159,23.11082765,9.017326138
15.3467342,11.345668,11.25636853,8.776880109,23.64759488,13.86352832
15.31403223,12.523752,11.70293838,7.469110617,21.08052174,7.680441531
12.53866188,8.07191,7.207908464,10.42950352,21.25780839,11.44154485
11.01121753,6.505311,10.12268286,13.10845479,24.17806248,18.88553467
10.03604296,5.596945,7.011731144,11.65325147,24.17993553,11.19795815
12.96719744,8.357443,5.920553192,11.22080313,21.56016303,15.2570328
10.02046745,4.568301,8.012540104,11.62225094,22.74420389,13.5934323
13.80465814,9.361603,12.66156468,10.97214057,22.7449869,17.95070873
10.1962082,11.136016,7.837734742,13.06987382,25.49100858,15.92089743
9.736452241,5.134106,7.603759921,8.746560577,22.09200265,7.135333317
10.32413711,7.672087,8.319632672,11.09513745,22.73298988,11.29065818
13.11279173,7.100092,10.5173384,10.29404375,24.2044994,17.7535059
13.19290409,10.562054,7.669567806,10.58606087,23.69533899,12.34379435
12.42023479,6.822027,9.33761599,12.35924947,23.59485237,9.716325342
12.38007537,9.266466,8.187938921,13.60235985,23.20259558,14.45002142
10.4337384,8.483177,8.81208378,10.44543822,27.99324156,11.65460138
15.48301664,6.456168,11.65965455,10.83897133,22.45879189,8.421361036
10.36542135,5.84793,10.6621667,10.296695,27.12714209,19.68074665
10.98649534,10.132166,9.011549491,11.69066317,21.81010432,9.408150954
14.65959908,24.17355,13.09570164,11.05680813,22.93907923,8.85329175
15.00043236,9.371716,8.488985627,10.96647853,21.8837073,9.043507491
10.78188991,6.425425,10.55177626,10.10750966,21.91482538,13.99139856
9.269077707,4.400351,5.215202521,11.11875908,23.48774157,9.284097807
10.59747231,5.592268,8.52197967,10.24031149,25.63130145,9.573660488
17.67451148,20.551915,15.36009404,6.518606792,24.05147993,16.2521846
17.37657928,8.902397,12.87092797,10.88697949,20.62510327,9.532092745
11.18354333,5.237884,7.60201283,9.977716506,24.06079509,18.21836418
12.36035828,9.684478,7.947421284,9.550954927,22.27808516,13.81567743
13.84215808,10.254804,10.47974734,10.94613686,24.41987891,13.17786419
14.8829876,5.661486,9.90952785,15.00115753,22.12244123,15.25533119
11.69892332,5.327684,6.930800574,10.35055473,21.70574496,11.97788431
10.90624729,5.013852,7.977772283,10.38472697,22.0293285,6.88184696
9.945829009,5.073248,6.577190851,10.82088329,21.84973264,14.49645823
18.35355043,12.744563,12.05190903,10.50333636,23.30333784,12.00728411
14.1997093,11.173824,10.19236909,9.96754138,24.95243139,9.007127357
9.77166768,5.907195,6.813379601,9.752052963,23.42908092,11.08128538
15.06252246,7.503616,10.07545577,12.04679129,24.28997889,13.70332329
12.30505924,4.886679,6.759649026,10.07978966,22.9852611,9.411717648
17.31883257,11.843543,11.65223132,10.74454425,21.52062547,8.357118797
14.08807391,10.173225,10.6506134,10.82628068,23.43514164,19.96217677
14.04485018,6.338047,8.919780531,9.910820419,21.01658185,8.662120012
13.50011448,9.210806,11.86141764,9.428715412,23.79703101,16.14589267
12.93275514,16.979804,13.00541054,10.19360895,21.47116014,11.17598845
10.3657047,12.018775,10.1787324,10.77495157,22.84433189,12.49623049
9.904615176,8.541362,11.54460981,10.00197363,22.45299132,10.14775089
12.57828804,6.912089,10.02856649,7.888629266,21.55244025,10.86367093
10.34380547,6.401827,7.419941217,11.5813859,23.09225928,11.38926808
12.97353363,7.540076,11.60511592,10.02674567,26.34484224,13.80651294
12.61676811,6.720036,10.63014271,11.78988161,33.94593902,10.54106509
11.70559311,8.679951,6.343166986,9.481359442,23.1866291,18.68935704
10.71335993,5.932566,4.124488535,11.83737455,24.28890225,10.80200105
12.90243016,10.927139,11.1781151,10.05035931,25.0664491,8.621761194
9.152367729,5.156886,7.310458253,11.26634804,24.35778025,11.65058149
11.99847212,15.949769,9.363210496,12.47900478,24.63513248,11.4819893
11.88338753,12.054675,10.9096366,9.989441594,21.0965854,11.02070337
12.8727166,9.11904,8.522404725,12.80985186,23.55350957,28.45572939
11.37923146,9.455031,8.512893599,10.50236372,20.78702665,18.07551264
16.35649224,6.684767,7.51951088,9.344983461,23.28544228,11.33329885
16.94259192,8.66646,8.602120154,9.152878526,25.47181548,13.91468474
9.890056815,16.3775,14.18093131,11.73764057,23.1362023,9.539717249
13.47780052,6.849562,9.701253078,10.83517151,23.72836502,8.859508414
14.17696145,8.108133,8.498381576,12.30565464,24.32352579,11.55924947
11.49366306,6.194739,9.896522042,10.38480504,22.10660012,13.50820323
9.665647371,7.29917,7.727155553,11.5953982,23.61653435,9.255094817
14.83300637,5.959821,9.152828514,10.2430853,21.27244374,11.73948236
10.66739377,8.371688,7.347016243,10.42768059,21.03966585,14.94014436
10.6818582,5.856917,9.056191208,10.59744161,23.01003508,23.11648893
11.46371693,6.084166,8.075435996,10.03973051,22.3672476,11.49789589
9.506216708,3.67392,7.030096202,12.63821297,24.93952961,15.28732159
12.56754731,19.899923,8.776354069,11.58695044,23.73788744,9.685941384
10.50668012,8.667557,7.44041773,11.13216422,24.79745268,20.01780769
10.53195324,5.633564,6.166351243,11.5659746,22.24003691,15.86581332
10.08104051,5.712462,7.428995836,12.9655542,23.42053925,14.27293536
15.64969598,9.639563,11.12946626,10.29131019,23.41905088,11.21026068
11.81898647,10.979334,9.905253274,11.13160863,24.38540402,9.731081333
11.79211307,6.102917,9.729116531,9.127552728,22.95756964,13.2513977
10.13146329,6.117885,7.500736373,10.18672559,23.49015311,15.87649092
12.68147135,7.224259,10.03888761,10.69306726,22.41109473,15.68546651
15.89805392,9.619896,13.54501206,13.37526682,25.68374512,12.66116623
10.42944657,4.957676,9.114501887,10.09552443,24.28102261,12.47724462
11.84063638,6.916575,8.16560243,11.50710142,22.24399785,11.83181733
15.09684018,11.145339,11.67654743,9.670069181,21.75479312,11.49103235
8.9188574,5.479282,5.507901701,10.11020147,22.02080913,13.63697278
10.79369978,6.795361,7.014338453,9.786666382,20.31323662,18.26167698
13.80763769,6.573083,9.489825819,12.14784801,24.55923107,12.31340202
15.25892969,7.162015,8.485655292,10.25882486,21.49564553,9.506064736
8.771741814,6.256529,5.069200756,11.49448338,22.75509238,12.36673886
9.83135309,7.448914,8.303568219,9.610012885,22.70124834,23.74308433
15.61119301,7.545762,8.03480656,11.51889352,23.88940411,10.27934074
14.91489102,8.709398,11.50355723,11.64489003,23.52746044,10.31135828
10.66085524,5.291696,8.331149852,9.754717443,21.4372367,13.00864821
12.28839497,7.892862,10.63912633,10.93705487,24.81252605,18.28021052
10.89488788,6.362615,5.926026795,9.992649713,25.47449464,11.14440236
12.66840443,5.596433,7.8477026,10.42280034,22.08308798,15.93676688
11.08528437,6.500143,5.763403659,10.48490677,21.06075457,9.02471722
8.536941797,6.360258,6.18049075,11.26330158,22.10868879,13.51208071
7.848328296,4.612627,6.284958479,10.1594342,22.47504241,18.89598422
11.29715101,6.422218,7.020173536,9.496737569,24.65399169,13.53534812
14.69166494,5.638006,9.118674628,10.82984968,23.23861261,8.917852524
14.1543093,9.901264,10.17464226,9.803544604,21.6307298,10.05046105
12.31206218,5.589958,9.090276292,10.52070578,22.75301332,19.02858061
10.88753064,7.310296,8.097111187,9.800622116,23.27584805,7.684908055
8.195909374,4.420852,5.549877415,10.02541358,23.55563749,11.18845185
15.89171244,7.666229,16.6004867,11.84161961,24.96783162,9.562879443
12.36976193,6.549382,8.529846294,12.4142478,21.51570307,14.67034717
9.115432246,6.679238,9.929798536,8.513938816,21.49074444,12.78670101
15.74000809,8.707756,14.54415718,10.30483949,23.81710918,8.365084304
11.87778796,7.131036,10.28673977,9.98842229,22.94952722,13.12856311
13.63707395,10.062988,15.29508494,10.72930171,22.01685508,14.93532925
7.637933101,4.626255,4.99881574,10.41231827,23.04711107,11.61430566
10.61797461,8.385224,9.983258952,10.35249097,22.1482864,15.52965254
9.021124115,4.937272,5.290922823,9.749366318,21.09946429,19.70299812
13.01231748,9.089602,7.675491787,13.48380813,24.93797833,10.5935816
13.50189131,9.177361,10.99249033,10.41297325,23.97360194,9.00160777
13.30389564,12.2426,8.012890053,13.09949554,26.24831285,23.73457151
13.38394952,8.999042,9.103344982,13.33381504,24.27871631,12.72998361
12.74259111,9.843054,14.03154665,12.81306135,21.75795422,11.80919049
14.20043888,5.06113,8.358298558,10.61564284,22.13636355,15.1457301
14.28599111,10.458869,9.32172775,10.50849999,23.42556777,16.04231398
12.54310681,6.261779,12.59316493,10.00329231,23.89115318,10.58399601
12.83427107,6.288769,13.44928564,12.73361012,20.96513236,12.20329527
12.88387153,4.793286,9.528000659,9.869613101,22.41538007,8.126796923
10.45141073,7.991025,8.008155594,10.46386583,22.03486612,16.09092605
12.64826801,8.938567,8.307937602,9.593479517,25.12022288,8.076532498
9.60309616,5.892396,6.17340205,10.4066095,23.70211606,20.21974377
9.407200466,6.831216,9.272241529,9.293355726,21.96697211,22.46794391
15.65642995,11.391503,11.9578486,9.723332447,23.53873721,9.068634588
8.983072494,4.882472,5.578897527,13.91446117,22.34514517,19.71066675
12.15687584,6.112382,6.663201126,10.99338728,22.64640418,15.40720184
9.392660194,5.337193,4.744417842,9.782584887,21.48103911,20.77516317
11.96495232,6.119222,7.50175737,10.75646558,22.97343946,27.14417337
11.59301033,6.501356,10.31312067,10.06127714,20.4923642,15.40842582
14.26495613,14.316651,13.72957782,10.34853246,24.71836085,10.21932652
